"product_name","product_url","product_price","product_price_url","product_freeshipping"
"Smart LED Light Bulb 2.4G(Not 5G) E26 WiFi Multicolor Light Bulb Work with Alexa,Siri, Echo, Google Home and IFTTT (No Hub Required), A19 60W Equivalent RGB Color Changing Bulb (4 Pack)","https://www.amazon.com/Multicolor-Google-Required-Equivalent-Changing/dp/B07QYMPT6W/ref=sr_1_1?keywords=smart+light&qid=1581498965&sr=8-1","$39.99","https://www.amazon.com/Multicolor-Google-Required-Equivalent-Changing/dp/B07QYMPT6W/ref=sr_1_1?keywords=smart+light&qid=1581498965&sr=8-1","FREE Shipping"
"Smart LED Light Bulb 2.4G(Not 5G) E26 WiFi Multicolor Light Bulb Work with Siri,Alexa, Echo, Google Home and IFTTT (No Hub Required), Peteme A19 60W Equivalent RGB Color Changing Bulb (2 Pack)","https://www.amazon.com/Multicolor-Required-Peteme-Equivalent-Changing/dp/B07MKDLV1V/ref=sr_1_2?keywords=smart+light&qid=1581498965&sr=8-2","$20.99","https://www.amazon.com/Multicolor-Required-Peteme-Equivalent-Changing/dp/B07MKDLV1V/ref=sr_1_2?keywords=smart+light&qid=1581498965&sr=8-2","Fast, Free Shipping"
"Govee Smart WiFi LED Strip Lights Works with Alexa, Google Home Brighter 5050 LED, 16 Million Colors Phone App Controlled Music Light Strip for Home, Kitchen, TV, Party, for iOS and Android, 16.4ft","https://www.amazon.com/Govee-Brighter-Million-Controlled-Kitchen/dp/B07N1CMGQQ/ref=sr_1_3?keywords=smart+light&qid=1581498965&smid=A2KZ7X05DCDJDL&sr=8-3","$43.99","https://www.amazon.com/Govee-Brighter-Million-Controlled-Kitchen/dp/B07N1CMGQQ/ref=sr_1_3?keywords=smart+light&qid=1581498965&smid=A2KZ7X05DCDJDL&sr=8-3","FREE Shipping"
"BERENNIS Smart Light Bulb, A19 E26 RGBCW WiFi Dimmable Multicolor LED Lights, Compatible with Alexa, Google Home and IFTTT (No Hub Required) 7W (60w Equivalent) 3 Pack","https://www.amazon.com/BERENNIS-Dimmable-Multicolored-Required-Compatible/dp/B07GGWNQT7/ref=sr_1_4?keywords=smart+light&qid=1581498965&sr=8-4","$38.99","https://www.amazon.com/BERENNIS-Dimmable-Multicolored-Required-Compatible/dp/B07GGWNQT7/ref=sr_1_4?keywords=smart+light&qid=1581498965&sr=8-4","FREE Shipping"
"Smart WiFi Light Bulb with Soft White Light, TECKIN 16 Million RGB Color Changing LED Bulb That Work with Alexa, Google Home (No Hub Required), 7.5W (60w Equivalent),4 Pack","https://www.amazon.com/Multicolor-Compatible-Required-TECKIN-Equivalent/dp/B07GT3RXM6/ref=sr_1_5?keywords=smart+light&qid=1581498965&sr=8-5","$39.99","https://www.amazon.com/Multicolor-Compatible-Required-TECKIN-Equivalent/dp/B07GT3RXM6/ref=sr_1_5?keywords=smart+light&qid=1581498965&sr=8-5","FREE Shipping"
"Smart WiFi Light Bulb, LED RGB Color Changing, Compatible with Alexa and Google Home Assistant, No Hub Required, A19 E26 Multicolor LUMIMAN 2 Pack","https://www.amazon.com/Changing-Compatible-Assistant-Multicolor-LUMIMAN/dp/B07DLSNNDS/ref=sr_1_6?keywords=smart+light&qid=1581498965&sr=8-6","$22.99","https://www.amazon.com/Changing-Compatible-Assistant-Multicolor-LUMIMAN/dp/B07DLSNNDS/ref=sr_1_6?keywords=smart+light&qid=1581498965&sr=8-6","Fast, Free Shipping"
"Smart WiFi Alexa Light Bulbs 2.4G, SAUDIO LED RGB Color Changing Bulbs, Compatible with Siri,Alexa,IFTTT and Google Home Assistant, No Hub Required, A19 E26 Multicolor 4 Pack","https://www.amazon.com/SAUDIO-Changing-Compatible-Assistant-Multicolor/dp/B07RX62616/ref=sr_1_7?keywords=smart+light&qid=1581498965&sr=8-7","$39.99","https://www.amazon.com/SAUDIO-Changing-Compatible-Assistant-Multicolor/dp/B07RX62616/ref=sr_1_7?keywords=smart+light&qid=1581498965&sr=8-7","FREE Shipping"
"Smart Light Bulb, Works with Alexa, Echo, Google Home and Siri, AL Above Lights Dimmable E26 9W Wi-Fi LED Smart Bulb, Soft White (2700K), 60W Equivalent, 810 LM, RGB+W, ETL Listed - 1 Pack","https://www.amazon.com/AL-Above-Lights-Dimmable-Equivalent/dp/B07SN3MZM7/ref=sr_1_8?keywords=smart+light&qid=1581498965&sr=8-8","$13.99","https://www.amazon.com/AL-Above-Lights-Dimmable-Equivalent/dp/B07SN3MZM7/ref=sr_1_8?keywords=smart+light&qid=1581498965&sr=8-8","Fast, Free Shipping"
"Wyze Bulb 800 Lumen A19 LED Smart Home Light Bulb, Adjustable white temperature and brightness, works with Alexa and the Google Assistant, No Hub Required, 4-Pack","https://www.amazon.com/Wyze-Adjustable-temperature-brightness-Assistant/dp/B07RF9NCDP/ref=sr_1_9?keywords=smart+light&qid=1581498965&sr=8-9","$37.98","https://www.amazon.com/Wyze-Adjustable-temperature-brightness-Assistant/dp/B07RF9NCDP/ref=sr_1_9?keywords=smart+light&qid=1581498965&sr=8-9","FREE Shipping"
"Gosund Smart Light Bulb Compatible with Alexa Google Home WiFi A19 E26 LED Dimmable Bulbs No Hub Required 2700K Warm White 8W Lights 75W Equivalent Lighting 2pack","https://www.amazon.com/Gosund-Dimmable-Required-Equivalent-Lighting/dp/B082X4QTKJ/ref=sr_1_10?keywords=smart+light&qid=1581498965&sr=8-10","$16.99","https://www.amazon.com/Gosund-Dimmable-Required-Equivalent-Lighting/dp/B082X4QTKJ/ref=sr_1_10?keywords=smart+light&qid=1581498965&sr=8-10","Fast, Free Shipping"
"Smart Light Bulbs E12 Base LED Candelabra Bulbs, Color Changing and Dimmable, Compatible with Alexa Google Home IFTTT, Tunable White Chandelier Light Bulbs 320 lm 35w Equivalent, 4 Pack","https://www.amazon.com/Candelabra-Changing-Compatible-Chandelier-Equivalent/dp/B07WGL5L8Q/ref=sr_1_11?keywords=smart+light&qid=1581498965&sr=8-11","$39.99","https://www.amazon.com/Candelabra-Changing-Compatible-Chandelier-Equivalent/dp/B07WGL5L8Q/ref=sr_1_11?keywords=smart+light&qid=1581498965&sr=8-11","FREE Shipping"
"Smart Light Bulbs, Aoycocr BR30 Dimmable LED Light Bulbs, 720 Lumen, Tunable White 2700K - 9000K,9 (80W Equivalent) No Hub Required, Wi-Fi, E26 Base (4 Pack)","https://www.amazon.com/Smart-Light-Aoycocr-Dimmable-Tunable/dp/B07VCRJ9ZM/ref=sr_1_12?keywords=smart+light&qid=1581498965&sr=8-12","$52.99","https://www.amazon.com/Smart-Light-Aoycocr-Dimmable-Tunable/dp/B07VCRJ9ZM/ref=sr_1_12?keywords=smart+light&qid=1581498965&sr=8-12","FREE Shipping"
"Kasa Smart Light Switch by TP-Link – Needs Neutral Wire, WiFi Light Switch, Works with Alexa & Google (HS200) White 1-Pack","https://www.amazon.com/Kasa-Smart-Light-Switch-TP-Link/dp/B01EZV35QU/ref=sr_1_13?keywords=smart+light&qid=1581498965&sr=8-13","$19.99","https://www.amazon.com/Kasa-Smart-Light-Switch-TP-Link/dp/B01EZV35QU/ref=sr_1_13?keywords=smart+light&qid=1581498965&sr=8-13","Fast, Free Shipping"
"Light Bulb Camera,Include 16GB Card 1080P WiFi Security Camera, 2MP Wireles IP LED Cam,360 Degrees Panoramic VR Indoor/Outdoor Home Surveillance Cameras,Motion Detection/Night Vision/Alarm","https://www.amazon.com/Include-Security-Panoramic-Surveillance-Detection/dp/B082S9PBHK/ref=sr_1_14?keywords=smart+light&qid=1581498965&sr=8-14","$32.99","https://www.amazon.com/Include-Security-Panoramic-Surveillance-Detection/dp/B082S9PBHK/ref=sr_1_14?keywords=smart+light&qid=1581498965&sr=8-14","FREE Shipping"
"Philips Hue White 2-Pack A19 LED Smart Bulb, Bluetooth & Zigbee compatible (Hue Hub Optional), Works with Alexa & Google Assistant – A Certified for Humans Device","https://www.amazon.com/Philips-Hue-Bluetooth-compatible-Assistant/dp/B07R2MQ2PY/ref=sr_1_15?keywords=smart+light&qid=1581498965&sr=8-15","$29.99","https://www.amazon.com/Philips-Hue-Bluetooth-compatible-Assistant/dp/B07R2MQ2PY/ref=sr_1_15?keywords=smart+light&qid=1581498965&sr=8-15","FREE Shipping"
"Treatlife Smart Light Switch（Neutral Wire Required), 2.4Ghz Wi-Fi Light Switch, Works with Alexa and Google Assistant, Schedule, Remote Control, Single Pole, ETL Listed (4 PACK)","https://www.amazon.com/Treatlife-Smart-Light-Switch-Assistant/dp/B07R4MFWCQ/ref=sr_1_16?keywords=smart+light&qid=1581498965&sr=8-16","$59.99","https://www.amazon.com/Treatlife-Smart-Light-Switch-Assistant/dp/B07R4MFWCQ/ref=sr_1_16?keywords=smart+light&qid=1581498965&sr=8-16","FREE Shipping"
"Smart Light Bulb Alexa LED Color Changing Light Bulbs,TECKIN A19 E27 60W 800LM Equivalent Compatible with Google Home,IFTTT,2800K-6000K Cold and Warm Light WiFi Blubs(7.5W),2pack","https://www.amazon.com/Changing-TECKIN-Equivalent-Compatible-2800K-6000K/dp/B07ZJHKC8W/ref=sr_1_17?keywords=smart+light&qid=1581498965&sr=8-17","$24.58","https://www.amazon.com/Changing-TECKIN-Equivalent-Compatible-2800K-6000K/dp/B07ZJHKC8W/ref=sr_1_17?keywords=smart+light&qid=1581498965&sr=8-17","Fast, Free Shipping"
"Smart Light Bulb WiFi Light Bulbs,TECKIN 13W E27 RGBCW Multicolor Dimmable LED Color Changing Light Bulb Equivalent 100W,1300LM BR30 Compatible with Alexa and Google Home IFTTT 2900K-6000K 2 Packs","https://www.amazon.com/TECKIN-Multicolor-Equivalent-Compatible-2900K-6000K/dp/B07Z8X6VQZ/ref=sr_1_18?keywords=smart+light&qid=1581498965&sr=8-18","$37.99","https://www.amazon.com/TECKIN-Multicolor-Equivalent-Compatible-2900K-6000K/dp/B07Z8X6VQZ/ref=sr_1_18?keywords=smart+light&qid=1581498965&sr=8-18","FREE Shipping"
"3-way Smart Light Switch, Neutral Wire Required, Treatlife WiFi Light Switch Single Pole/3-way Switch Works With Alexa, Google Assistant, Remote Control, ETL, Schedule, 1 PACK","https://www.amazon.com/Treatlife-Assistant-Control-Schedule-Required/dp/B07V4X7BRT/ref=sr_1_19?keywords=smart+light&qid=1581498965&sr=8-19","$27.99","https://www.amazon.com/Treatlife-Assistant-Control-Schedule-Required/dp/B07V4X7BRT/ref=sr_1_19?keywords=smart+light&qid=1581498965&sr=8-19","FREE Shipping"
"OHLUX Smart WiFi LED Light Bulbs Compatible with Alexa Google Home and IFTTT(No Hub Required), RGBCW Multi-Color, Warm to Cool White Dimmable, 60W Equivalent, 7W E26 A19 Color Changing Bulb-4PACK","https://www.amazon.com/OHLUX-Compatible-Equivalent-Multi-Color-Bulb-4PACK/dp/B07LCB3HQJ/ref=sr_1_20?keywords=smart+light&qid=1581498965&sr=8-20","$39.99","https://www.amazon.com/OHLUX-Compatible-Equivalent-Multi-Color-Bulb-4PACK/dp/B07LCB3HQJ/ref=sr_1_20?keywords=smart+light&qid=1581498965&sr=8-20","FREE Shipping"
"Smart WiFi Light Bulb, LUMIMAN LED RGBCW Color Changing, Compatible with Alexa, Siri and Google Home Assistant, No Hub Required, A19 E26 Multicolor 4 Pack","https://www.amazon.com/LUMIMAN-Changing-Compatible-Assistant-Multicolor/dp/B07XYXY5QR/ref=sr_1_21?keywords=smart+light&qid=1581498965&sr=8-21","$39.99","https://www.amazon.com/LUMIMAN-Changing-Compatible-Assistant-Multicolor/dp/B07XYXY5QR/ref=sr_1_21?keywords=smart+light&qid=1581498965&sr=8-21","FREE Shipping"
"Smart LED Light Bulb, Dimmable WiFi Smart Bulb with Warm Lights - No Hub Required, Christmas Smart Bulb Works with Alexa Echo Dot, Google Home Mini & Samsung, KHSUIN LED Smart Light Bulbs 7W (80W)","https://www.amazon.com/Smart-Light-Bulb-Dimmable-Lights/dp/B07WS6SK2X/ref=sr_1_22?keywords=smart+light&qid=1581498965&sr=8-22","$19.99","https://www.amazon.com/Smart-Light-Bulb-Dimmable-Lights/dp/B07WS6SK2X/ref=sr_1_22?keywords=smart+light&qid=1581498965&sr=8-22","Fast, Free Shipping"
"Smart Light Bulb with Soft White Light 2800k-6200k + RGBW, TECKIN A19 WiFi Multicolor LED Bulb Compatible with Phone, Google Home, 8w (60w Equivalent),2 Pack","https://www.amazon.com/Dimmable-Multicolor-Compatible-TECKIN-Equivalent/dp/B07GT2Q5RW/ref=sr_1_23?keywords=smart+light&qid=1581498965&sr=8-23","$23.99","https://www.amazon.com/Dimmable-Multicolor-Compatible-TECKIN-Equivalent/dp/B07GT2Q5RW/ref=sr_1_23?keywords=smart+light&qid=1581498965&sr=8-23","Fast, Free Shipping"
"LED Candelabra Bulbs E12 Base, Color Changing and Dimmable Smart Light Bulb, Compatible with Alexa Google Home IFTTT, Tunable White Chandelier Light Bulbs 320 lm 35w Equivalent, 3 Pack","https://www.amazon.com/Candelabra-Changing-Compatible-Chandelier-Equivalent/dp/B081L4Q5HH/ref=sr_1_24?keywords=smart+light&qid=1581498965&sr=8-24","$28.99","https://www.amazon.com/Candelabra-Changing-Compatible-Chandelier-Equivalent/dp/B081L4Q5HH/ref=sr_1_24?keywords=smart+light&qid=1581498965&sr=8-24","FREE Shipping"
"Kasa Smart WiFi Light Bulb, Dimmable by TP-Link – No Hub Required, Works with Alexa & Google (KL110)","https://www.amazon.com/Kasa-Smart-Light-Dimmable-TP-Link/dp/B07G1PH3JL/ref=sr_1_25?keywords=smart+light&qid=1581498965&sr=8-25","$16.99","https://www.amazon.com/Kasa-Smart-Light-Dimmable-TP-Link/dp/B07G1PH3JL/ref=sr_1_25?keywords=smart+light&qid=1581498965&sr=8-25","Fast, Free Shipping"
"Smart Light Switch&Alexa Smart Double Switch& 2.4Ghz WIFI Light Switch With Timer and Remote Control,Schedule,Neutral Wire Needed,Works with Alexa, Google Assistant and IFTTT,Single Pole (2gang)","https://www.amazon.com/Switch-Double-Remote-Control-required/dp/B07QRRRTDM/ref=sr_1_26?keywords=smart+light&qid=1581498965&sr=8-26","$45.99","https://www.amazon.com/Switch-Double-Remote-Control-required/dp/B07QRRRTDM/ref=sr_1_26?keywords=smart+light&qid=1581498965&sr=8-26","FREE Shipping"
"LED Candelabra Bulbs E12 Base- Chandelier Lighting Bulbs 400 Lumens 5W(45 Watt equiv.) - Tunable White 2000K-6500K RGB Color Changing Dimmable Smart Light Bulb - 3 Pack","https://www.amazon.com/Candelabra-Chandelier-Lighting-Lumens-equiv/dp/B07YFTKCQC/ref=sr_1_27?keywords=smart+light&qid=1581498965&sr=8-27","$29.99","https://www.amazon.com/Candelabra-Chandelier-Lighting-Lumens-equiv/dp/B07YFTKCQC/ref=sr_1_27?keywords=smart+light&qid=1581498965&sr=8-27","FREE Shipping"
"Smart Light Bulbs, Aoycocr BR30 Dimmable LED Light Bulbs, 720 Lumen, Tunable White 2700K - 9000K,9 (80W Equivalent), Works with Alexa, Google Assistant, IFTTT, No Hub Required, Wi-Fi, E26 Base, 6 Pack","https://www.amazon.com/Smart-Light-Aoycocr-Dimmable-Tunable/dp/B07VP2KL7W/ref=sr_1_28?keywords=smart+light&qid=1581498965&sr=8-28","$80.99","https://www.amazon.com/Smart-Light-Aoycocr-Dimmable-Tunable/dp/B07VP2KL7W/ref=sr_1_28?keywords=smart+light&qid=1581498965&sr=8-28","FREE Shipping"
"LED Strip Lights, DAYBETTER 16.4 FT Smart Strip Lights 5050 Kit 150 LEDs Work with Alex Google Assistant WiFi Rope Light APP Controlled Smart Light Strip for Bedroom, Home, Ceiling, Cupboard Lighting","https://www.amazon.com/DAYBETTER-Assistant-Controlled-Cupboard-Lighting/dp/B07VQT4HR2/ref=sr_1_29?keywords=smart+light&qid=1581498965&sr=8-29","$24.99","https://www.amazon.com/DAYBETTER-Assistant-Controlled-Cupboard-Lighting/dp/B07VQT4HR2/ref=sr_1_29?keywords=smart+light&qid=1581498965&sr=8-29","Fast, Free Shipping"
"TP-Link Kasa Smart WiFi Light Bulb, Multicolor - Smart LED Light Bulbs, Works with Alexa & Google (KL130)","https://www.amazon.com/Kasa-Smart-Light-Multicolor-TP-Link/dp/B07FZ6PLJG/ref=sr_1_30?keywords=smart+light&qid=1581498965&sr=8-30","$29.99","https://www.amazon.com/Kasa-Smart-Light-Multicolor-TP-Link/dp/B07FZ6PLJG/ref=sr_1_30?keywords=smart+light&qid=1581498965&sr=8-30","FREE Shipping"
"Dusk to Dawn Light Bulb Sensor Smart LED Outdoor Lighting Bulbs Lamp 7W E26/E27 Automatic On/Off, Indoor/Outdoor Yard Porch Patio Garden (Warm White, 3 Pack)","https://www.amazon.com/Sensor-Outdoor-Lighting-Automatic-Indoor/dp/B077SQ95ZW/ref=sr_1_31?keywords=smart+light&qid=1581498965&sr=8-31","$21.99","https://www.amazon.com/Sensor-Outdoor-Lighting-Automatic-Indoor/dp/B077SQ95ZW/ref=sr_1_31?keywords=smart+light&qid=1581498965&sr=8-31",""
"Kasa Smart Wi-Fi Light Switch, 3-Way Kit by TP-Link - Control Lighting from Anywhere, Easy In-Wall Installation (3-Way Only), No Hub Required, Works with Alexa and Google Assistant (HS210 KIT)","https://www.amazon.com/TP-Link-Switch-HS210-KIT-1-Pack/dp/B07724HNTX/ref=sr_1_32?keywords=smart+light&qid=1581498965&sr=8-32","$44.97","https://www.amazon.com/TP-Link-Switch-HS210-KIT-1-Pack/dp/B07724HNTX/ref=sr_1_32?keywords=smart+light&qid=1581498965&sr=8-32","FREE Shipping"
"LED Night Light Plug in, Super Smart Dusk to Dawn Sensor, Automatic Night Lights Suitable for Bedroom, Bathroom, Toilet,Stairs,Kitchen,Hallway,Kids,Adults,Compact Nightlight, (Warm White, 4 Pack)","https://www.amazon.com/Automatic-Suitable-Bedroom-Bathroom-Nightlight/dp/B083Q333Z7/ref=sr_1_33?keywords=smart+light&qid=1581498965&sr=8-33","$13.47","https://www.amazon.com/Automatic-Suitable-Bedroom-Bathroom-Nightlight/dp/B083Q333Z7/ref=sr_1_33?keywords=smart+light&qid=1581498965&sr=8-33","Fast, Free Shipping"
"WeMo Smart Light Switch 2ND Gen","https://www.amazon.com/WeMo-Smart-Light-Switch-2ND/dp/B07RT8H9WH/ref=sr_1_34?keywords=smart+light&qid=1581498965&sr=8-34","$39.99","https://www.amazon.com/WeMo-Smart-Light-Switch-2ND/dp/B07RT8H9WH/ref=sr_1_34?keywords=smart+light&qid=1581498965&sr=8-34","FREE Shipping"
"Smart LED RGB Light Bulb - Aoycocr 10W A21 E26 Soft White (2700K) Multicolor - 900 Lumens (85W Equivalent) - Compatible with Amazon Alexa and Google Assistant, No Hub Required (4 Pack)","https://www.amazon.com/Smart-LED-RGB-Light-Bulb/dp/B07T8DRZZ5/ref=sr_1_35?keywords=smart+light&qid=1581498965&sr=8-35","$45.99","https://www.amazon.com/Smart-LED-RGB-Light-Bulb/dp/B07T8DRZZ5/ref=sr_1_35?keywords=smart+light&qid=1581498965&sr=8-35","FREE Shipping"
"Sengled Smart LED Soft White A19 Light Bulb, Hub Required, 2700K 60W Equivalent, Works with Alexa, Google Assistant & SmartThings, 4 Pack","https://www.amazon.com/Sengled-Required-Equivalent-Assistant-SmartThings/dp/B072M5RT6L/ref=sr_1_36?keywords=smart+light&qid=1581498965&sr=8-36","$38.99","https://www.amazon.com/Sengled-Required-Equivalent-Assistant-SmartThings/dp/B072M5RT6L/ref=sr_1_36?keywords=smart+light&qid=1581498965&sr=8-36","FREE Shipping"
"TECKIN Smart Light Bulb,LED RGB Color Changing,E27 100W 1300LM Equivalent Compatible with Alexa and Google Home,IFTTT,2900K-6000K BR30 WiFi Light Blubs(13W),1 Pack","https://www.amazon.com/TECKIN-Changing-Equivalent-Compatible-2900K-6000K/dp/B07RZKV7FQ/ref=sr_1_37?keywords=smart+light&qid=1581498965&sr=8-37","$19.99","https://www.amazon.com/TECKIN-Changing-Equivalent-Compatible-2900K-6000K/dp/B07RZKV7FQ/ref=sr_1_37?keywords=smart+light&qid=1581498965&sr=8-37","Fast, Free Shipping"
"TECKIN Smart Light Bulb LED RGB Color Changing,A19 E27 60W 800LM Equivalent Compatible with Alexa Google Home,IFTTT,2800K-6000K Cold and Warm Light WiFi Blubs(7.5W),4pack","https://www.amazon.com/TECKIN-Changing-Equivalent-Compatible-2800K-6000K/dp/B07ZJHGQZ2/ref=sr_1_38?keywords=smart+light&qid=1581498965&sr=8-38","$45.99","https://www.amazon.com/TECKIN-Changing-Equivalent-Compatible-2800K-6000K/dp/B07ZJHGQZ2/ref=sr_1_38?keywords=smart+light&qid=1581498965&sr=8-38","FREE Shipping"
"Etekcity Smart Light Bulb, WiFi Dimmable Soft White LED Bulb Works with Alexa, Google Home and IFTTT, Easy Setup, Schedule, A19 E26, 60W Equivalent, 806LM, 2700K, No Hub Required, UL Listed (4 Pack)","https://www.amazon.com/Etekcity-Dimmable-Schedule-Required-Equivalent/dp/B07TYV2BNF/ref=sr_1_39?keywords=smart+light&qid=1581498965&sr=8-39","$43.99","https://www.amazon.com/Etekcity-Dimmable-Schedule-Required-Equivalent/dp/B07TYV2BNF/ref=sr_1_39?keywords=smart+light&qid=1581498965&sr=8-39","FREE Shipping"
"Smart Light Bulbs, LOHAS BR30 LED WiFi Light Bulb Dimmable Daylight 5000K, 980LM, Compatible with Alexa Google Home Assistant, E26 10W Equivalent 75W BR30 Flood Light for Cans, No Hub Required, 2Pack","https://www.amazon.com/LOHAS-LED-Dimmable-Equivalent-Compatible/dp/B07SWYN9WS/ref=sr_1_40?keywords=smart+light&qid=1581498965&sr=8-40","$23.99","https://www.amazon.com/LOHAS-LED-Dimmable-Equivalent-Compatible/dp/B07SWYN9WS/ref=sr_1_40?keywords=smart+light&qid=1581498965&sr=8-40","Fast, Free Shipping"
"3-way Smart Light Switch,Neutral Wire Required,Treatlife WiFi Light Switch Single Pole/3-way Switch Works With Alexa, Google Assistant, Remote Control, ETL, Schedule, No Hub Required, 4 PACK","https://www.amazon.com/Treatlife-Assistant-Control-Schedule-Required/dp/B07V3XB1QG/ref=sr_1_41?keywords=smart+light&qid=1581498965&sr=8-41","$89.99","https://www.amazon.com/Treatlife-Assistant-Control-Schedule-Required/dp/B07V3XB1QG/ref=sr_1_41?keywords=smart+light&qid=1581498965&sr=8-41","FREE Shipping"
"Treatlife Smart Light Switch（Neutral Wire Required), 2.4Ghz Wi-Fi Light Switch, Works with Alexa and Google Assistant, Schedule, Remote Control, Single Pole, ETL Listed (1 PACK)","https://www.amazon.com/Treatlife-Smart-Light-Switch-Assistant/dp/B07R7PCCT9/ref=sr_1_42?keywords=smart+light&qid=1581498965&sr=8-42","$17.99","https://www.amazon.com/Treatlife-Smart-Light-Switch-Assistant/dp/B07R7PCCT9/ref=sr_1_42?keywords=smart+light&qid=1581498965&sr=8-42","Fast, Free Shipping"
"OHLUX Smart WiFi LED Light Bulb, Works with Alexa and Google Home Assistant (No Hub Required), RGBCW Multi Color Changing Bulb, A19 E26 7W(60W Equivalent), IFTTT Compatible, 2-Pack","https://www.amazon.com/OHLUX-Assistant-Required-Equivalent-Compatible/dp/B07VVW7BZ9/ref=sr_1_43?keywords=smart+light&qid=1581498965&sr=8-43","$21.99","https://www.amazon.com/OHLUX-Assistant-Required-Equivalent-Compatible/dp/B07VVW7BZ9/ref=sr_1_43?keywords=smart+light&qid=1581498965&sr=8-43","Fast, Free Shipping"
"So Undercover","https://www.amazon.com/So-Undercover-Miley-Cyrus/dp/B082N95G1B/ref=sr_1_44?keywords=smart+light&qid=1581498965&sr=8-44","$3.99","https://www.amazon.com/So-Undercover-Miley-Cyrus/dp/B082N95G1B/ref=sr_1_44?keywords=smart+light&qid=1581498965&sr=8-44",""
"LOHAS Smart Light Bulb BR40 WiFi LED Bulb, E26 RGB Color Changing Lights, 1450LM 100W Equivalent WiFi Bulb Work with Alexa, Google Assistant, Daylight 2700K-6000K Bulbs for Home Lighting(15W), 1 Pack","https://www.amazon.com/LOHAS-LED-Equivalent-2700K-6000K-Home-Lighting/dp/B082QVJBTD/ref=sr_1_45?keywords=smart+light&qid=1581498965&sr=8-45","$26.99","https://www.amazon.com/LOHAS-LED-Equivalent-2700K-6000K-Home-Lighting/dp/B082QVJBTD/ref=sr_1_45?keywords=smart+light&qid=1581498965&sr=8-45","FREE Shipping"
"Smart WiFi LED Light Bulbs Compatible with Alexa Google Home, Siri and Echo(No Hub Required), TIKLOK RGBCW Multi-Color, Warm to Cool White Dimmable 7.5W E26 A19 Color Changing Bulb(4 Pack)","https://www.amazon.com/Compatible-Required-Multi-Color-Dimmable-Changing/dp/B07R9ZBQZK/ref=sr_1_46?keywords=smart+light&qid=1581498965&sr=8-46","$35.96","https://www.amazon.com/Compatible-Required-Multi-Color-Dimmable-Changing/dp/B07R9ZBQZK/ref=sr_1_46?keywords=smart+light&qid=1581498965&sr=8-46","FREE Shipping"
"Wemo Wi-Fi Light Switch 3-Way 2-Pack Bundle - Control Lighting from Anywhere, Easy In-Wall Installation, Works with Alexa, Google Assistant and Apple HomeKit (WLS0403-BDL)","https://www.amazon.com/Wi-Fi-Light-Switch-2-Pack-Bundle/dp/B07NPZVYR1/ref=sr_1_47?keywords=smart+light&qid=1581498965&sr=8-47","$89.99","https://www.amazon.com/Wi-Fi-Light-Switch-2-Pack-Bundle/dp/B07NPZVYR1/ref=sr_1_47?keywords=smart+light&qid=1581498965&sr=8-47","FREE Shipping"
"BRTLX Smart Light Bulb, RGB Dimmable Wi-Fi LED Bulb, 9W 800LM,Free APP and Voice Control, Compatible with Amazon Alexa and Google Assistant,No Hub Required,A60 E26 Multicolored Smart Bulbs (4 Pack)","https://www.amazon.com/BRTLX-Dimmable-Compatible-Assistant-Multicolored/dp/B07JFVQ6B7/ref=sr_1_48?keywords=smart+light&qid=1581498965&sr=8-48","$35.99","https://www.amazon.com/BRTLX-Dimmable-Compatible-Assistant-Multicolored/dp/B07JFVQ6B7/ref=sr_1_48?keywords=smart+light&qid=1581498965&sr=8-48","FREE Shipping"